{"cameraMode":{"drawMode":0,"name":"Shaded","section":"Shading Mode"},"sceneLighting":true,"audioPlay":false,"sceneViewState":{"showFog":true,"showMaterialUpdate":false,"showSkybox":true,"showFlares":true,"showImageEffects":true,"showParticleSystems":true},"in2DMode":false,"pivot":{"x":91.60505676269531,"y":54.226348876953128,"z":34.11652374267578},"rotation":{"x":0.2763948142528534,"y":-0.4556182324886322,"z":0.19148334860801698,"w":0.8242281675338745},"size":64.50997924804688,"orthographic":true}