{"cameraMode":{"drawMode":0,"name":"Shaded","section":"Shading Mode"},"sceneLighting":true,"audioPlay":false,"sceneViewState":{"showFog":true,"showMaterialUpdate":false,"showSkybox":true,"showFlares":true,"showImageEffects":true,"showParticleSystems":true},"in2DMode":false,"pivot":{"x":94.36846923828125,"y":-24.271305084228517,"z":18.150650024414064},"rotation":{"x":0.2343922257423401,"y":-0.31530383229255679,"z":0.08067835867404938,"w":0.9160429835319519},"size":76.39686584472656,"orthographic":true}