{"cameraMode":{"drawMode":0,"name":"Shaded","section":"Shading Mode"},"sceneLighting":true,"audioPlay":false,"sceneViewState":{"showFog":true,"showMaterialUpdate":false,"showSkybox":true,"showFlares":true,"showImageEffects":true,"showParticleSystems":true},"in2DMode":false,"pivot":{"x":43.02091979980469,"y":51.140838623046878,"z":156.8195343017578},"rotation":{"x":0.41771724820137026,"y":-0.18059910833835603,"z":0.08511039614677429,"w":0.8863704204559326},"size":87.30523681640625,"orthographic":true}