{"cameraMode":{"drawMode":0,"name":"Shaded","section":"Shading Mode"},"sceneLighting":true,"audioPlay":false,"sceneViewState":{"showFog":true,"showMaterialUpdate":false,"showSkybox":true,"showFlares":true,"showImageEffects":true,"showParticleSystems":true},"in2DMode":false,"pivot":{"x":61.76702880859375,"y":38.449432373046878,"z":64.12422180175781},"rotation":{"x":0.3044149577617645,"y":-0.38443151116371157,"z":0.13594385981559754,"w":0.8608503341674805},"size":49.25973129272461,"orthographic":true}