{"cameraMode":{"drawMode":0,"name":"Shaded","section":"Shading Mode"},"sceneLighting":true,"audioPlay":false,"sceneViewState":{"showFog":true,"showMaterialUpdate":false,"showSkybox":true,"showFlares":true,"showImageEffects":true,"showParticleSystems":true},"in2DMode":false,"pivot":{"x":40.26312255859375,"y":4.230680465698242,"z":-2.2195281982421877},"rotation":{"x":0.34781715273857119,"y":-0.5008161067962647,"z":0.22962310910224915,"w":0.7586038112640381},"size":79.92897033691406,"orthographic":true}