{"cameraMode":{"drawMode":0,"name":"Shaded","section":"Shading Mode"},"sceneLighting":true,"audioPlay":false,"sceneViewState":{"showFog":false,"showMaterialUpdate":false,"showSkybox":false,"showFlares":false,"showImageEffects":false,"showParticleSystems":false},"in2DMode":false,"pivot":{"x":73.21015167236328,"y":0.953125,"z":77.21530151367188},"rotation":{"x":-0.3902222216129303,"y":0.5149981379508972,"z":-0.28362131118774416,"w":-0.7085636258125305},"size":152.5822296142578,"orthographic":true}