{"cameraMode":{"drawMode":0,"name":"Shaded","section":"Shading Mode"},"sceneLighting":true,"audioPlay":false,"sceneViewState":{"showFog":false,"showMaterialUpdate":false,"showSkybox":false,"showFlares":false,"showImageEffects":false,"showParticleSystems":false},"in2DMode":false,"pivot":{"x":15.895851135253907,"y":-20.59674835205078,"z":54.2884521484375},"rotation":{"x":0.4185360074043274,"y":-0.40713801980018618,"z":0.21789583563804627,"w":0.7820407152175903},"size":171.51498413085938,"orthographic":true}