{"cameraMode":{"drawMode":0,"name":"Shaded","section":"Shading Mode"},"sceneLighting":true,"audioPlay":false,"sceneViewState":{"showFog":false,"showMaterialUpdate":false,"showSkybox":false,"showFlares":false,"showImageEffects":false,"showParticleSystems":false},"in2DMode":false,"pivot":{"x":77.19052124023438,"y":18.94853973388672,"z":66.6788330078125},"rotation":{"x":0.3163083791732788,"y":-0.36489027738571169,"z":0.13336020708084107,"w":0.8654589653015137},"size":204.09202575683595,"orthographic":true}