{"cameraMode":{"drawMode":0,"name":"Shaded","section":"Shading Mode"},"sceneLighting":true,"audioPlay":false,"sceneViewState":{"showFog":false,"showMaterialUpdate":false,"showSkybox":false,"showFlares":false,"showImageEffects":false,"showParticleSystems":false},"in2DMode":false,"pivot":{"x":14.128181457519532,"y":1.8786659240722657,"z":101.17317199707031},"rotation":{"x":0.34701526165008547,"y":-0.31641829013824465,"z":0.12564824521541596,"w":0.8738835453987122},"size":79.4192123413086,"orthographic":true}