{"cameraMode":{"drawMode":0,"name":"Shaded","section":"Shading Mode"},"sceneLighting":true,"audioPlay":false,"sceneViewState":{"showFog":false,"showMaterialUpdate":false,"showSkybox":false,"showFlares":false,"showImageEffects":false,"showParticleSystems":false},"in2DMode":false,"pivot":{"x":14.939064025878907,"y":-14.961181640625,"z":142.30885314941407},"rotation":{"x":0.25418034195899966,"y":-0.3655514717102051,"z":0.10447779297828675,"w":0.8892968893051148},"size":94.02823638916016,"orthographic":true}