{"cameraMode":{"drawMode":0,"name":"Shaded","section":"Shading Mode"},"sceneLighting":true,"audioPlay":false,"sceneViewState":{"showFog":false,"showMaterialUpdate":false,"showSkybox":false,"showFlares":false,"showImageEffects":false,"showParticleSystems":false},"in2DMode":false,"pivot":{"x":91.70791625976563,"y":33.54364776611328,"z":19.12500762939453},"rotation":{"x":0.1548713892698288,"y":-0.7000495791435242,"z":0.15978068113327027,"w":0.6785393357276917},"size":47.40251159667969,"orthographic":true}