{"cameraMode":{"drawMode":0,"name":"Shaded","section":"Shading Mode"},"sceneLighting":true,"audioPlay":false,"sceneViewState":{"showFog":false,"showMaterialUpdate":false,"showSkybox":false,"showFlares":false,"showImageEffects":false,"showParticleSystems":false},"in2DMode":false,"pivot":{"x":68.78949737548828,"y":12.640283584594727,"z":24.342498779296876},"rotation":{"x":0.38895857334136965,"y":0.4030577540397644,"z":-0.19469717144966126,"w":0.8052010536193848},"size":27.133012771606447,"orthographic":true}