{"cameraMode":{"drawMode":0,"name":"Shaded","section":"Shading Mode"},"sceneLighting":true,"audioPlay":false,"sceneViewState":{"showFog":false,"showMaterialUpdate":false,"showSkybox":false,"showFlares":false,"showImageEffects":false,"showParticleSystems":false},"in2DMode":false,"pivot":{"x":42.66283416748047,"y":-38.890384674072269,"z":59.09440612792969},"rotation":{"x":0.34701526165008547,"y":-0.31641829013824465,"z":0.12564824521541596,"w":0.8738835453987122},"size":321.2548522949219,"orthographic":true}