{"cameraMode":{"drawMode":0,"name":"Shaded","section":"Shading Mode"},"sceneLighting":false,"audioPlay":false,"sceneViewState":{"showFog":false,"showMaterialUpdate":false,"showSkybox":false,"showFlares":false,"showImageEffects":false,"showParticleSystems":false},"in2DMode":false,"pivot":{"x":0.0065552592277526859,"y":0.8161542415618897,"z":-0.03648310899734497},"rotation":{"x":0.23372262716293336,"y":-0.25261980295181277,"z":0.06302835792303086,"w":0.9367947578430176},"size":4.527862548828125,"orthographic":true}