{"cameraMode":{"drawMode":0,"name":"Shaded","section":"Shading Mode"},"sceneLighting":true,"audioPlay":false,"sceneViewState":{"showFog":false,"showMaterialUpdate":false,"showSkybox":false,"showFlares":false,"showImageEffects":false,"showParticleSystems":false},"in2DMode":false,"pivot":{"x":36.44031524658203,"y":7.510808944702148,"z":66.33125305175781},"rotation":{"x":0.2659812867641449,"y":-0.30557286739349368,"z":0.08932559937238693,"w":0.9098902344703674},"size":105.44108581542969,"orthographic":true}