{"cameraMode":{"drawMode":0,"name":"Shaded","section":"Shading Mode"},"sceneLighting":true,"audioPlay":false,"sceneViewState":{"showFog":true,"showMaterialUpdate":false,"showSkybox":true,"showFlares":true,"showImageEffects":true,"showParticleSystems":true},"in2DMode":false,"pivot":{"x":-19.968751907348634,"y":2.0060529708862306,"z":-31.6715087890625},"rotation":{"x":0.4170578122138977,"y":0.06534680724143982,"z":-0.03008001483976841,"w":0.9060285687446594},"size":43.80752182006836,"orthographic":true}