{"cameraMode":{"drawMode":0,"name":"Shaded","section":"Shading Mode"},"sceneLighting":true,"audioPlay":false,"sceneViewState":{"showFog":true,"showMaterialUpdate":false,"showSkybox":true,"showFlares":true,"showImageEffects":true,"showParticleSystems":true},"in2DMode":false,"pivot":{"x":-73.72962951660156,"y":-8.612075805664063,"z":-0.4010047912597656},"rotation":{"x":-0.34420785307884219,"y":0.13927341997623444,"z":-0.051653068512678149,"w":-0.9270683526992798},"size":128.98130798339845,"orthographic":false}